{"cameraMode":{"drawMode":0,"name":"Shaded","section":"Shading Mode"},"sceneLighting":false,"audioPlay":false,"sceneViewState":{"m_AlwaysRefresh":false,"showFog":true,"showSkybox":true,"showFlares":true,"showImageEffects":true,"showParticleSystems":true,"showVisualEffectGraphs":true,"m_FxEnabled":true},"in2DMode":false,"pivot":{"x":-1.78580641746521,"y":3.241539716720581,"z":0.6258901953697205},"rotation":{"x":0.07518138736486435,"y":0.03887540102005005,"z":-0.0029330060351639988,"w":0.9964050054550171},"size":6.746652126312256,"orthographic":false}